{
  "epoch": [
    1,
    2,
    3,
    4,
    5,
    6,
    7,
    8,
    9,
    10,
    11,
    12,
    13,
    14,
    15,
    16,
    17,
    18,
    19,
    20,
    21,
    22,
    23,
    24,
    25,
    26,
    27,
    28,
    29,
    30
  ],
  "lr": [
    0.001,
    0.001,
    0.001,
    0.001,
    0.001,
    0.001,
    0.001,
    0.001,
    0.001,
    0.001,
    0.0005,
    0.0005,
    0.0005,
    0.0005,
    0.0005,
    0.0005,
    0.0005,
    0.0005,
    0.0005,
    0.0005,
    0.00025,
    0.00025,
    0.00025,
    0.00025,
    0.00025,
    0.00025,
    0.00025,
    0.00025,
    0.00025,
    0.00025
  ],
  "train_loss": [
    1.7888179356987413,
    1.5176312738173716,
    1.4093939863346718,
    1.337918524806564,
    1.2840603670558415,
    1.241330306272249,
    1.2058539350290556,
    1.1743726335667275,
    1.1469301585410092,
    1.1231076826114912,
    1.0979171338919047,
    1.0873523435077153,
    1.077488352720802,
    1.0672980422103726,
    1.0580134564960324,
    1.0483429029181197,
    1.039985875020156,
    1.0312263466216423,
    1.0235736486879554,
    1.0155547422331732,
    1.0059959336712554,
    1.001411642174463,
    0.998277746745058,
    0.9942714100753939,
    0.990347972592792,
    0.9870258062272459,
    0.9829397181401381,
    0.979467665424218,
    0.9759506949701825,
    0.9726586100217458
  ],
  "train_acc": [
    0.3513227513227513,
    0.456984126984127,
    0.49714285714285716,
    0.526984126984127,
    0.5478835978835979,
    0.5655026455026455,
    0.5797354497354498,
    0.5914814814814815,
    0.6022751322751323,
    0.6121693121693121,
    0.6231746031746032,
    0.6303703703703704,
    0.6330687830687831,
    0.6380423280423281,
    0.6429100529100529,
    0.645079365079365,
    0.6491005291005291,
    0.6535449735449735,
    0.6552910052910053,
    0.66,
    0.6634920634920635,
    0.6653439153439153,
    0.6662433862433862,
    0.6671957671957672,
    0.6692592592592592,
    0.6688359788359788,
    0.6723809523809524,
    0.6752910052910053,
    0.675978835978836,
    0.675978835978836
  ],
  "val_loss": [
    1.5854487102478743,
    1.4596305470913649,
    1.387661850079894,
    1.351103326305747,
    1.310495400801301,
    1.2763191908597946,
    1.257520653307438,
    1.2354081645607948,
    1.2310906890779734,
    1.2104337681084871,
    1.1974966367706656,
    1.1889745965600014,
    1.1846891790628433,
    1.1793162375688553,
    1.1743345111608505,
    1.168794620782137,
    1.1617759503424168,
    1.1582469195127487,
    1.154158783145249,
    1.150839924812317,
    1.148752547800541,
    1.1466396488249302,
    1.1441806526854634,
    1.141943709924817,
    1.1397550124675035,
    1.1388210970908403,
    1.1368241421878338,
    1.1347356988117099,
    1.1317964317277074,
    1.131107972934842
  ],
  "val_acc": [
    0.41975308641975306,
    0.47160493827160493,
    0.5022222222222222,
    0.5160493827160494,
    0.5249382716049382,
    0.5390123456790124,
    0.5456790123456791,
    0.5607407407407408,
    0.5523456790123457,
    0.5604938271604938,
    0.5720987654320988,
    0.5758024691358025,
    0.5775308641975309,
    0.5730864197530864,
    0.5750617283950618,
    0.5822222222222222,
    0.5849382716049383,
    0.5819753086419753,
    0.585679012345679,
    0.5930864197530864,
    0.5903703703703703,
    0.5920987654320987,
    0.5940740740740741,
    0.5945679012345679,
    0.5920987654320987,
    0.5975308641975309,
    0.5977777777777777,
    0.6004938271604938,
    0.5985185185185186,
    0.6014814814814815
  ]
}